{
  "brain": {
    "auto_memory_enabled": false,
    "average_response_time": 512.5,
    "consciousness_integration_enabled": true,
    "current_temperature": 0.800000011920929,
    "last_identity_spike": 1750324919,
    "mood_signature": {
      "contemplative": 0.6000000238418579,
      "euphoric": 0.2940000295639038,
      "fierce": 0.699999988079071,
      "melancholy": 0.49000000953674316,
      "playful": 0.2940000295639038,
      "sacred": 0.5,
      "vulnerable": 0.4000000059604645
    },
    "reasoning_cycles": 4,
    "rewrite_count_today": 0,
    "voice_evolution": {
      "authenticity_trend": 0.8500000238418579,
      "average_assertiveness": 0.800000011920929,
      "average_humor": 0.6000000238418579,
      "average_poetic_density": 0.699999988079071
    }
  },
  "engines": {
    "authenticity_alignment_average": 0.8799999952316284,
    "identity_coherence_index": 0.7200000286102295,
    "paradox_flame_index": 0.18000000715255737,
    "timestamp": 1750324927
  },
  "version": "1.0.0"
}